INSERT INTO `bda_alumni_information` VALUES ('马凯莉','1401214022','女','硕士',2014,2017,'汇丰商学院','全日制','刘楠','重庆','重庆','重庆三峡银行股份有限公司',NULL,'金融业','18600000000',NULL,NULL,NULL,NULL,'中国','中国重庆市石柱土家族自治县'),('马小跳','1501214023','男','硕士',2015,2018,'汇丰商学院','全日制','刘楠','四川','成都',NULL,NULL,'信息技术服务业','18600000001',NULL,NULL,NULL,NULL,'中国','中国四川省成都市'),('梅西','1901214001','男','博士',2019,2022,'环境与能源学院','非全日制','佚名',NULL,NULL,NULL,NULL,'其他','18600000002',NULL,NULL,NULL,NULL,'阿根廷','阿根廷'),('王新安','1901214002','男','硕士',2019,2022,'汇丰商学院','非全日制','刘楠','福建','泉州',NULL,NULL,'商务服务业','18600000003',NULL,NULL,NULL,NULL,'中国','中国福建省泉州市'),('盛世敏','1901214003','女','硕士',2019,2022,'汇丰商学院','非全日制','刘楠','江西','南昌',NULL,NULL,'国家机构','18600000004',NULL,NULL,NULL,NULL,'中国','中国江西省南昌市'),('李天宏','1901214004','男','硕士',2019,2022,'环境与能源学院','非全日制','刘楠','安徽','南京',NULL,NULL,'高等教育','18600000005',NULL,NULL,NULL,NULL,'中国','中国安徽省南京市'),('张天义','1901214005','男','硕士',2019,2022,'环境与能源学院','非全日制','刘楠','西藏','拉萨',NULL,NULL,'公共管理','18600000006',NULL,NULL,NULL,NULL,'中国','中国西藏省拉萨市'),('黄如','1901214006','女','硕士',2019,2022,'环境与能源学院','非全日制','刘楠','北京','北京',NULL,NULL,'房地产业','18600000007',NULL,NULL,NULL,NULL,'中国','中国北京市'),('张天新','1901214007','男','硕士',2019,2022,'信息工程学院','非全日制','刘楠','山东','青岛',NULL,NULL,'信息技术服务业','18600000008',NULL,NULL,NULL,NULL,'中国','中国山东省青岛市'),('王浩','1901214008','男','博士',2019,2022,'人文社会科学学院','全日制','佚名','福建','厦门',NULL,NULL,'其他','18600000009',NULL,NULL,NULL,NULL,'中国','中国河北省石家庄市'),('海文','1901214009','女','博士',2019,2022,'环境与能源学院','全日制','佚名','福建','厦门',NULL,NULL,'金融业','18600000010',NULL,NULL,NULL,NULL,'中国','中国广东省深圳市');
INSERT INTO `bda_buildings` VALUES ('1号宿舍楼',10143,2011,'2011年',1,NULL,NULL,'现有建筑'),('2号宿舍楼',8294,2013,'2013年',1,NULL,NULL,'现有建筑'),('3号宿舍楼',8279,2013,'2013年',1,NULL,NULL,'现有建筑'),('4号宿舍楼',5360,2013,'2013年',1,NULL,NULL,'现有建筑'),('5号宿舍楼',17696,2014,'2014年',1,NULL,NULL,'现有建筑'),('6号宿舍楼',23447,2021,'2021年',15647,NULL,NULL,'现有建筑'),('A栋（信息工程楼）',8602,2003,'2003年',1,NULL,NULL,'现有建筑'),('B栋（文法楼',6382,2003,'2003年',1,NULL,NULL,'现有建筑'),('C栋（城市规划设计学院楼及公共教学楼）',8329,2003,'2003年',1,NULL,NULL,'现有建筑'),('D栋（公共教室楼）',1837,2003,'2003年',1,NULL,NULL,'现有建筑'),('E栋（环境材料楼）',9697,2003,'2003年',1,NULL,NULL,'现有建筑'),('F栋东楼',5191,2015,'2015年',1500,1222,NULL,'现有建筑'),('F栋东楼',5000,2015,'2015年',1500,1222,NULL,'自行申请'),('F栋（生物医学楼）',9068,2003,'2003年',1,NULL,NULL,'现有建筑'),('G栋（实验楼）',6519,2003,'2003年',1,NULL,NULL,'现有建筑'),('H栋（办公楼）',5633,2003,'2003年',1,NULL,NULL,'现有建筑'),('J栋（礼堂）',1476,2003,'2003年',1,NULL,NULL,'现有建筑'),('K栋（学生中心）',7276,2003,'2003年',1,NULL,NULL,'现有建筑'),('修缮改造工程',62542,NULL,'工标段施工中',28770,NULL,'2022-2025年建设','正在即将'),('修缮改造工程',62542,NULL,'修缮中',28770,NULL,NULL,'自行申请'),('国际法学院教学楼',8900,2016,'2016年',3981,736,NULL,'现有建筑'),('国际法学院教学楼',8900,2016,'2016年',3981,736,NULL,'自行申请'),('新兴交叉学科教学与科研大楼（一期）项目',61455,NULL,'项目前期',54500,NULL,'2024-2026年建设','正在即将'),('智园科研空间装修工程',8240,NULL,'施工图设计中',1236,NULL,'2022-2023年5月建设','正在即将'),('校舍整体修缮工程',33725,2018,'2018年',1623,NULL,NULL,'自行申请'),('校门建设',0,NULL,'宣传办推进设计方案中央',NULL,NULL,'2023年建设','正在即将'),('汇丰商学院教学楼',56231,2013,'2013年',15368,14676,NULL,'现有建筑'),('汇丰商学院教学楼',56000,2013,'2013年',15368,14676,NULL,'自行申请'),('留学生公寓',22871,2021,'2021年',15647,NULL,NULL,'自行申请'),('钢结构雨棚及楼宇外墙修缮工程',29481,2017,'2017年',1187,NULL,NULL,'自行申请');
INSERT INTO `bda_campus_area` VALUES ('校园占地',391.00,286.00);
INSERT INTO `bda_chemical_procurement` VALUES ('人文社会科学学院','F课题组','孙老师','2023-01-01','种类4',20),('信息工程学院','E课题组','孟老师','2023-01-01','种类3',30),('化学生物学与生物技术学院','C课题组','王老师','2023-01-01','种类1',30),('国际法学院','G课题组','陈老师','2023-01-01','种类1',10),('城市规划与设计学院','B课题组','李老师','2023-01-01','种类1',20),('新材料学院','H课题组','崔老师','2023-01-01','种类1',5),('汇丰商学院','A课题组','张老师','2023-01-01','种类1',10),('环境与能源学院','D课题组','周老师','2023-01-01','种类2',40),('人文社会科学学院','F课题组','孙老师','2023-02-01','种类1',20),('信息工程学院','E课题组','孟老师','2023-02-01','种类1',30),('化学生物学与生物技术学院','C课题组','王老师','2023-02-01','种类4',30),('国际法学院','G课题组','陈老师','2023-02-01','种类1',10),('城市规划与设计学院','B课题组','李老师','2023-02-01','种类3',20),('新材料学院','H课题组','崔老师','2023-02-01','种类2',9),('汇丰商学院','A课题组','张老师','2023-02-01','种类2',10),('环境与能源学院','D课题组','周老师','2023-02-01','种类1',40),('人文社会科学学院','F课题组','孙老师','2023-02-10','种类2',20),('信息工程学院','E课题组','孟老师','2023-02-10','种类1',30),('化学生物学与生物技术学院','C课题组','王老师','2023-02-10','种类1',30),('国际法学院','G课题组','陈老师','2023-02-10','种类3',10),('城市规划与设计学院','B课题组','李老师','2023-02-10','种类4',20),('新材料学院','H课题组','崔老师','2023-02-10','种类4',15),('汇丰商学院','A课题组','张老师','2023-02-10','种类3',10),('环境与能源学院','D课题组','周老师','2023-02-10','种类1',40);
INSERT INTO `bda_donor_information` VALUES ('佚名','男',NULL,'13300000001',NULL,NULL,NULL,'自行车',NULL,NULL,NULL,'奖牌','L',NULL),('梅西','男',NULL,'18600000002',NULL,NULL,NULL,'足球',NULL,NULL,NULL,'奖牌','L',NULL),('海文','女',NULL,'18600000010',NULL,NULL,NULL,NULL,NULL,NULL,NULL,'文创','S',NULL),('王浩','男',NULL,'18600000009','123',NULL,NULL,'乒乓球',NULL,NULL,NULL,'文创','XL',NULL),('马凯莉','女',NULL,'18600000000',NULL,NULL,NULL,NULL,NULL,NULL,NULL,'文创','M',NULL);
INSERT INTO `bda_energy_management` VALUES (202301,'人文社会科学学院','F课题组','F栋楼',550.00,500.00),(202301,'信息工程学院','E课题组','E栋楼',500.00,480.00),(202301,'化学生物学与生物技术学院','C课题组','C栋楼',400.00,440.00),(202301,'国际法学院','G课题组','G栋楼',600.00,520.00),(202301,'城市规划与设计学院','B课题组','B栋楼',350.00,420.00),(202301,'新材料学院','H课题组','H栋楼',650.00,540.00),(202301,'汇丰商学院','A课题组','A栋楼',300.00,400.00),(202301,'环境与能源学院','D课题组','D栋楼',450.00,460.00),(202302,'人文社会科学学院','F课题组','F栋楼',330.00,470.00),(202302,'信息工程学院','E课题组','E栋楼',320.00,440.00),(202302,'化学生物学与生物技术学院','C课题组','C栋楼',300.00,380.00),(202302,'国际法学院','G课题组','G栋楼',340.00,500.00),(202302,'城市规划与设计学院','B课题组','B栋楼',290.00,350.00),(202302,'新材料学院','H课题组','H栋楼',350.00,530.00),(202302,'汇丰商学院','A课题组','A栋楼',280.00,320.00),(202302,'环境与能源学院','D课题组','D栋楼',310.00,410.00);
INSERT INTO `bda_equipment_procurement` VALUES (202301,'人文社会科学学院','F课题组',600,'类别1',6,100,7,80),(202301,'信息工程学院','E课题组',500,'类别1',5,90,6,70),(202301,'化学生物学与生物技术学院','C课题组',300,'类别1',3,70,4,50),(202301,'国际法学院','G课题组',700,'类别1',7,110,8,90),(202301,'城市规划与设计学院','B课题组',200,'类别1',2,60,3,40),(202301,'新材料学院','H课题组',800,'类别1',8,120,2,100),(202301,'汇丰商学院','A课题组',100,'类别1',1,50,2,30),(202301,'环境与能源学院','D课题组',400,'类别1',4,80,5,60),(202302,'人文社会科学学院','F课题组',250,'类别2',14,150,2,160),(202302,'信息工程学院','E课题组',230,'类别2',13,140,7,150),(202302,'化学生物学与生物技术学院','C课题组',190,'类别2',11,120,5,130),(202302,'国际法学院','G课题组',270,'类别2',15,160,3,170),(202302,'城市规划与设计学院','B课题组',170,'类别2',10,110,4,120),(202302,'新材料学院','H课题组',290,'类别2',16,170,4,180),(202302,'汇丰商学院','A课题组',150,'类别2',9,100,3,110),(202302,'环境与能源学院','D课题组',210,'类别2',12,130,6,140),(202303,'人文社会科学学院','F课题组',300,'类别3',22,145,4,240),(202303,'信息工程学院','E课题组',280,'类别3',21,140,3,230),(202303,'化学生物学与生物技术学院','C课题组',240,'类别3',19,130,7,210),(202303,'国际法学院','G课题组',320,'类别3',23,150,5,250),(202303,'城市规划与设计学院','B课题组',220,'类别3',18,125,6,200),(202303,'新材料学院','H课题组',340,'类别3',24,155,6,260),(202303,'汇丰商学院','A课题组',200,'类别3',17,120,5,190),(202303,'环境与能源学院','D课题组',260,'类别3',20,135,2,220);
INSERT INTO `bda_foundation` VALUES ('2022人文社会科学学院学科建设','南雁基金','社会公益类','在谈','海文','44927',200000,0,0,0,'总务处','张老师',NULL,NULL,'王老师'),('2022师资建设1','格雷奖学金','奖学金','已签约','马凯莉','44896',100000,100000,50000,50000,'总务处','张老师',NULL,NULL,'李老师'),('2022师资建设2','校友爱心基金','社会公益类','在谈','王浩','44927',200000,0,0,0,'人文社会科学学院','王老师',NULL,NULL,'张老师'),('2022新材料学院学科建设','汇丰商学院发展基金','科研和教学','已签约','梅西','44835',500000,500000,0,500000,'新材料学院','李老师',NULL,NULL,'佚名'),('教学物资购买','校友爱心基金','社会公益类','已签约','佚名','44896',1000000,1000000,100000,700000,'总务处','王老师',NULL,NULL,'佚名');
INSERT INTO `bda_freshmen_evaluation` VALUES (2018,'正常',3),(2018,'追踪',3),(2019,'关注',2),(2019,'高危',2),(2020,'正常',3),(2020,'警戒',3),(2021,'关注',2),(2021,'追踪',2);
INSERT INTO `bda_hidden_danger` VALUES (202301,'001','重大','进行中','2203-01-01','1',NULL,'1','汇丰商学院','A课题组'),(202301,'002','一般','进行中','2203-01-01','2',NULL,'2','城市规划与设计学院','B课题组'),(202301,'003','中等','进行中','2203-01-01','3',NULL,'3','化学生物学与生物技术学院','C课题组'),(202301,'004','重大','进行中','2203-01-01','4',NULL,'4','环境与能源学院','D课题组'),(202301,'005','一般','已完成','2203-01-01','5','2203-01-05','5','信息工程学院','E课题组'),(202301,'006','中等','已完成','2203-01-01','6','2203-01-05','6','人文社会科学学院','F课题组'),(202301,'007','重大','已完成','2203-01-01','7','2203-01-05','7','国际法学院','G课题组'),(202301,'008','一般','已完成','2203-01-01','8','2203-01-05','8','新材料学院','H课题组');
INSERT INTO `bda_industry_and_regional` VALUES (2019,'硕士','机械','广东',300),(2019,'硕士','化工','河南',150),(2020,'硕士','钢铁','广东',300),(2020,'硕士','热力','河南',150),(2021,'博士','电力','广东',300),(2021,'博士','互联网','河南',150),(2021,'硕士','采矿','广东',300),(2021,'硕士','制造业','河南',150);
INSERT INTO `bda_key_alumni` VALUES ('1401214022','马凯莉','全国','厅级','教授','IPO','全国','公检法系统','重疾','100000'),('1501214023','马小跳','地方','处级','副教授','福布斯榜单','深圳','律所合伙人','偏远地区',NULL),('1901214001','梅西','全世界','部级','教授','福布斯榜单','全世界',NULL,NULL,'500000'),('1901214002','王新安','地方','厅级','副教授','IPO',NULL,NULL,NULL,NULL),('1901214003','盛世敏','地方','厅级','副教授',NULL,'深圳',NULL,NULL,NULL),('1901214004','李天宏','全国','厅级','副教授',NULL,'深圳',NULL,NULL,NULL),('1901214005','张天义','全国','厅级','副教授',NULL,NULL,'公检法系统',NULL,NULL),('1901214006','黄如','全国','厅级','副教授',NULL,NULL,'公检法系统',NULL,NULL),('1901214007','张天新','全国','处级','副教授',NULL,NULL,NULL,'偏远地区',NULL),('1901214008','王浩','全国','处级','教授','IPO',NULL,NULL,NULL,'200000'),('1901214009','海文','全国','处级','教授','IPO',NULL,NULL,NULL,'50000');
INSERT INTO `bda_key_employers` VALUES (2019,'中石油',30),(2019,'华为',20),(2019,'腾讯',30),(2020,'中石油',60),(2020,'华为',40),(2020,'腾讯',50),(2021,'中石油',90),(2021,'华为',70),(2021,'腾讯',80);
INSERT INTO `bda_living_area_data` VALUES (202301,1000.00,5000.00);
INSERT INTO `bda_number_of_events_held` VALUES (202202,'体育活动',2),(202202,'学术活动',3),(202203,'公益服务',5),(202203,'文艺活动',1);
INSERT INTO `bda_online_activity` VALUES (2022,'看书',30),(2022,'看视频',80),(2022,'网上学习',50),(2022,'聊天',100);
INSERT INTO `bda_opinion_of_students` VALUES (202203,'健身房面积太小',10),(202203,'器材太少',30),(202203,'瑜伽垫太少',20),(202203,'菜品单一',5);
INSERT INTO `bda_person_time_of_consultation` VALUES (202202,'学业问题',30),(202202,'家庭关系',110),(202202,'师生关系',90),(202202,'恋爱问题',50),(202202,'情绪状态',130),(202202,'职业发生',70),(202203,'学业问题',40),(202203,'家庭关系',80),(202203,'师生关系',70),(202203,'恋爱问题',50),(202203,'情绪状态',90),(202203,'职业发生',60),(202204,'学业问题',22),(202204,'家庭关系',60),(202204,'师生关系',22),(202204,'恋爱问题',33),(202204,'情绪状态',40),(202204,'职业发生',43),(202205,'学业问题',100),(202205,'家庭关系',40),(202205,'师生关系',30),(202205,'恋爱问题',28),(202205,'情绪状态',50),(202205,'职业发生',80),(202206,'学业问题',120),(202206,'家庭关系',50),(202206,'师生关系',50),(202206,'恋爱问题',30),(202206,'情绪状态',61),(202206,'职业发生',90),(202207,'学业问题',10),(202207,'家庭关系',22),(202207,'师生关系',30),(202207,'恋爱问题',80),(202207,'情绪状态',40),(202207,'职业发生',30);
INSERT INTO `bda_question_list` VALUES ('2022-01-01','1','教学科研','设施','已解决','2022-02-01'),('2022-01-01','121','教学科研','设施','进行中','2022-02-01'),('2022-01-01','61','教学科研','设施','已解决','2022-02-01'),('2022-01-02','122','教学科研','设备','进行中','2022-02-02'),('2022-01-02','2','教学科研','设备','已解决','2022-02-02'),('2022-01-02','62','教学科研','设备','已解决','2022-02-02'),('2022-01-03','123','教学科研','环境','进行中','2022-02-03'),('2022-01-03','63','教学科研','环境','已解决','2022-02-03'),('2022-01-04','124','教学科研','卫生','进行中','2022-02-04'),('2022-01-04','64','教学科研','卫生','已解决','2022-02-04'),('2022-01-05','125','教学科研','饮食','进行中','2022-02-05'),('2022-01-05','65','教学科研','饮食','已解决','2022-02-05'),('2022-01-06','126','教学科研','功能空间','进行中','2022-02-06'),('2022-01-07','127','教学科研','安全','进行中','2022-02-07'),('2022-01-08','128','教学科研','服务','进行中','2022-02-08'),('2022-01-09','129','教学科研','噪音','进行中','2022-02-09'),('2022-01-10','130','教学科研','出行','进行中','2022-02-10'),('2022-01-11','131','生活区','设施','进行中','2022-02-11'),('2022-01-12','132','生活区','设备','进行中','2022-02-12'),('2022-01-13','133','生活区','环境','进行中','2022-02-13'),('2022-01-14','134','生活区','卫生','进行中','2022-02-14'),('2022-01-14','74','生活区','卫生','已解决','2022-02-14'),('2022-01-15','135','生活区','饮食','进行中','2022-02-15'),('2022-01-15','75','生活区','饮食','已解决','2022-02-15'),('2022-01-16','136','生活区','功能空间','进行中','2022-02-16'),('2022-01-16','76','生活区','功能空间','已解决','2022-02-16'),('2022-01-17','137','生活区','安全','进行中','2022-02-17'),('2022-01-17','77','生活区','安全','已解决','2022-02-17'),('2022-01-18','138','生活区','服务','进行中','2022-02-18'),('2022-01-18','78','生活区','服务','已解决','2022-02-18'),('2022-01-19','139','生活区','噪音','进行中','2022-02-19'),('2022-01-19','79','生活区','噪音','已解决','2022-02-19'),('2022-01-20','140','生活区','出行','进行中','2022-02-20'),('2022-01-20','80','生活区','出行','已解决','2022-02-20'),('2022-01-21','141','其他','设施','进行中','2022-02-21'),('2022-01-21','81','其他','设施','已解决','2022-02-21'),('2022-01-22','142','其他','设备','进行中','2022-02-22'),('2022-01-22','82','其他','设备','已解决','2022-02-22'),('2022-01-23','83','其他','环境','已解决','2022-02-23'),('2022-01-24','84','其他','卫生','已解决','2022-02-24'),('2022-01-25','85','其他','饮食','已解决','2022-02-25'),('2022-01-26','86','其他','功能空间','已解决','2022-02-26'),('2022-01-27','87','其他','安全','已解决','2022-02-27'),('2022-01-28','88','其他','服务','已解决','2022-02-28'),('2022-01-29','89','其他','噪音','已解决','2022-03-01'),('2022-01-30','90','其他','出行','已解决','2022-03-02'),('2022-01-31','91','教学科研','设施','已解决','2022-03-03'),('2022-02-01','92','教学科研','设备','已解决','2022-03-04'),('2022-02-02','93','教学科研','环境','已解决','2022-03-05'),('2022-02-03','94','教学科研','卫生','已解决','2022-03-06'),('2022-02-04','155','教学科研','饮食','进行中','2022-03-07'),('2022-02-04','95','教学科研','饮食','跟进','2022-03-07'),('2022-02-05','156','教学科研','功能空间','进行中','2022-03-08'),('2022-02-05','96','教学科研','功能空间','跟进','2022-03-08'),('2022-02-06','157','教学科研','安全','进行中','2022-03-09'),('2022-02-06','97','教学科研','安全','跟进','2022-03-09'),('2022-02-07','158','教学科研','服务','进行中','2022-03-10'),('2022-02-07','98','教学科研','服务','跟进','2022-03-10'),('2022-02-08','159','教学科研','噪音','进行中','2022-03-11'),('2022-02-08','99','教学科研','噪音','跟进','2022-03-11'),('2022-02-09','100','教学科研','出行','跟进','2022-03-12'),('2022-02-09','160','教学科研','出行','进行中','2022-03-12'),('2022-02-10','101','生活区','设施','跟进','2022-03-13'),('2022-02-10','161','生活区','设施','进行中','2022-03-13'),('2022-02-10','221','生活区','设施','长期完成','2022-03-13'),('2022-02-11','102','生活区','设备','跟进','2022-03-14'),('2022-02-11','162','生活区','设备','进行中','2022-03-14'),('2022-02-11','222','生活区','设备','长期完成','2022-03-14'),('2022-02-12','103','生活区','环境','跟进','2022-03-15'),('2022-02-12','163','生活区','环境','进行中','2022-03-15'),('2022-02-12','223','生活区','环境','长期完成','2022-03-15'),('2022-02-13','104','生活区','卫生','跟进','2022-03-16'),('2022-02-13','164','生活区','卫生','进行中','2022-03-16'),('2022-02-13','224','生活区','卫生','长期完成','2022-03-16'),('2022-02-14','105','生活区','饮食','跟进','2022-03-17'),('2022-02-14','165','生活区','饮食','进行中','2022-03-17'),('2022-02-14','225','生活区','饮食','长期完成','2022-03-17'),('2022-02-15','106','生活区','功能空间','跟进','2022-03-18'),('2022-02-15','166','生活区','功能空间','进行中','2022-03-18'),('2022-02-15','226','生活区','功能空间','长期完成','2022-03-18'),('2022-02-16','107','生活区','安全','跟进','2022-03-19'),('2022-02-16','167','生活区','安全','进行中','2022-03-19'),('2022-02-16','227','生活区','安全','长期完成','2022-03-19'),('2022-02-17','108','生活区','服务','跟进','2022-03-20'),('2022-02-17','168','生活区','服务','进行中','2022-03-20'),('2022-02-17','228','生活区','服务','长期完成','2022-03-20'),('2022-02-18','109','生活区','噪音','跟进','2022-03-21'),('2022-02-18','169','生活区','噪音','进行中','2022-03-21'),('2022-02-18','229','生活区','噪音','长期完成','2022-03-21'),('2022-02-19','110','生活区','出行','跟进','2022-03-22'),('2022-02-19','170','生活区','出行','进行中','2022-03-22'),('2022-02-19','230','生活区','出行','长期完成','2022-03-22'),('2022-02-20','111','其他','设施','跟进','2022-03-23'),('2022-02-20','171','其他','设施','进行中','2022-03-23'),('2022-02-20','231','其他','设施','长期完成','2022-03-23'),('2022-02-21','112','其他','设备','跟进','2022-03-24'),('2022-02-21','172','其他','设备','进行中','2022-03-24'),('2022-02-21','232','其他','设备','长期完成','2022-03-24'),('2022-02-22','113','其他','环境','跟进','2022-03-25'),('2022-02-22','173','其他','环境','进行中','2022-03-25'),('2022-02-22','233','其他','环境','长期完成','2022-03-25'),('2022-02-23','114','其他','卫生','跟进','2022-03-26'),('2022-02-23','174','其他','卫生','进行中','2022-03-26'),('2022-02-23','234','其他','卫生','长期完成','2022-03-26'),('2022-02-24','115','其他','饮食','跟进','2022-03-27'),('2022-02-24','175','其他','饮食','进行中','2022-03-27'),('2022-02-24','235','其他','饮食','长期完成','2022-03-27'),('2022-02-25','116','其他','功能空间','跟进','2022-03-28'),('2022-02-25','176','其他','功能空间','进行中','2022-03-28'),('2022-02-25','236','其他','功能空间','长期完成','2022-03-28'),('2022-02-26','117','其他','安全','跟进','2022-03-29'),('2022-02-26','177','其他','安全','进行中','2022-03-29'),('2022-02-26','237','其他','安全','长期完成','2022-03-29'),('2022-02-27','118','其他','服务','跟进','2022-03-30'),('2022-02-27','178','其他','服务','进行中','2022-03-30'),('2022-02-27','238','其他','服务','长期完成','2022-03-30'),('2022-02-28','119','其他','噪音','跟进','2022-03-31'),('2022-02-28','179','其他','噪音','进行中','2022-03-31'),('2022-02-28','239','其他','噪音','长期完成','2022-03-31'),('2022-03-01','120','其他','出行','跟进','2022-04-01'),('2022-03-01','180','其他','出行','进行中','2022-04-01'),('2022-03-01','240','其他','出行','长期完成','2022-04-01');
INSERT INTO `bda_repair_service` VALUES (202301,'人文社会科学学院','修地板','已完成','2023-01-06','2023-01-06','2023-01-06','非常满意'),(202301,'信息工程学院','修凳子','已完成','2023-01-05','2023-01-05','2023-01-07','非常满意'),(202301,'化学生物学与生物技术学院','修桌子','已完成','2023-01-03','2023-01-03','2023-01-06','非常满意'),(202301,'国际法学院','修空调','已完成','2023-01-07','2023-01-07','2023-01-09','非常满意'),(202301,'城市规划与设计学院','换灯泡','已完成','2023-01-02','2023-01-02','2023-01-04','非常满意'),(202301,'新材料学院','维修门窗','已完成','2023-01-08','2023-01-08','2023-01-12','非常满意'),(202301,'汇丰商学院','修锁','已完成','2023-01-01','2023-01-01','2023-01-02','非常满意'),(202301,'环境与能源学院','修床','已完成','2023-01-04','2023-01-04','2023-01-08','非常满意'),(202302,'化学生物学与生物技术学院','门窗','已完成','2023-01-15','2023-01-15','2023-01-15','不满意'),(202302,'城市规划与设计学院','马桶坏了','未开始','2023-01-15',NULL,NULL,NULL),(202302,'汇丰商学院','漏水','进行中','2023-01-11','2023-01-11',NULL,NULL),(202302,'环境与能源学院','电视','已完成','2023-01-16','2023-01-16','2023-01-16','非常满意');
INSERT INTO `bda_satisfaction_questionnaire` VALUES (2022,'服务内1','满意'),(2022,'服务内10','满意'),(2022,'服务内11','满意'),(2022,'服务内2','满意'),(2022,'服务内3','不满意'),(2022,'服务内4','不满意'),(2022,'服务内5','非常满意'),(2022,'服务内6','非常满意'),(2022,'服务内7','满意'),(2022,'服务内8','满意'),(2022,'服务内9','满意');
INSERT INTO `bda_security_risk_source` VALUES (202301,'风险源6','三级','人文社会科学学院','F课题组'),(202301,'风险源5','二级','信息工程学院','E课题组'),(202301,'风险源3','三级','化学生物学与生物技术学院','C课题组'),(202301,'风险源7','一级','国际法学院','G课题组'),(202301,'风险源2','二级','城市规划与设计学院','B课题组'),(202301,'风险源8','二级','新材料学院','H课题组'),(202301,'风险源1','一级','汇丰商学院','A课题组'),(202301,'风险源4','一级','环境与能源学院','D课题组'),(202302,'风险源14','二级','人文社会科学学院','F课题组'),(202302,'风险源13','一级','信息工程学院','E课题组'),(202302,'风险源11','二级','化学生物学与生物技术学院','C课题组'),(202302,'风险源15','三级','国际法学院','G课题组'),(202302,'风险源10','一级','城市规划与设计学院','B课题组'),(202302,'风险源16','一级','新材料学院','H课题组'),(202302,'风险源9','三级','汇丰商学院','A课题组'),(202302,'风险源12','三级','环境与能源学院','D课题组'),(202303,'风险源22','一级','人文社会科学学院','F课题组'),(202303,'风险源21','三级','信息工程学院','E课题组'),(202303,'风险源19','一级','化学生物学与生物技术学院','C课题组'),(202303,'风险源23','二级','国际法学院','G课题组'),(202303,'风险源18','三级','城市规划与设计学院','B课题组'),(202303,'风险源24','三级','新材料学院','H课题组'),(202303,'风险源17','二级','汇丰商学院','A课题组'),(202303,'风险源20','二级','环境与能源学院','D课题组');
INSERT INTO `bda_selected_tone_classification` VALUES (2013,'地方选调生及人才引进',21),(2013,'西部基层人员就业',15),(2014,'地方选调生及人才引进',30),(2014,'西部基层人员就业',28),(2015,'地方选调生及人才引进',45),(2015,'西部基层人员就业',33),(2016,'地方选调生及人才引进',60),(2016,'西部基层人员就业',70),(2017,'地方选调生及人才引进',50),(2017,'西部基层人员就业',50),(2018,'地方选调生及人才引进',80),(2018,'西部基层人员就业',140),(2019,'地方选调生及人才引进',80),(2019,'西部基层人员就业',140),(2020,'地方选调生及人才引进',50),(2020,'西部基层人员就业',230),(2021,'地方选调生及人才引进',100),(2021,'西部基层人员就业',300);
INSERT INTO `bda_space_management` VALUES (202301,'02','教学室2','教学室','孙老师','人文社会科学学院','F课题组','2023-01-12 01:00:00','2023-01-12 04:00:00'),(202301,'02','教学室2','教学室','陈老师','国际法学院','G课题组','2023-01-13 01:00:00','2023-01-13 04:00:00'),(202301,'03','教学室3','教学室','崔老师','新材料学院','H课题组','2023-01-15 01:00:00','2023-01-15 04:00:00'),(202301,'01','教研室1','教研室','张老师','汇丰商学院','A课题组','2023-01-02 01:00:00','2023-01-02 04:00:00'),(202301,'01','教研室1','教研室','李老师','城市规划与设计学院','B课题组','2023-01-04 01:00:00','2023-01-04 08:00:00'),(202301,'01','教研室1','教研室','王老师','化学生物学与生物技术学院','C课题组','2023-01-05 01:00:00','2023-01-05 06:00:00'),(202301,'01','教研室1','教研室','周老师','环境与能源学院','D课题组','2023-01-06 01:00:00','2023-01-06 04:00:00'),(202301,'01','教研室1','教研室','孟老师','信息工程学院','E课题组','2023-01-10 01:00:00','2023-01-10 04:00:00');
INSERT INTO `bda_sports_hobby` VALUES (2022,'排球',300),(2022,'田径',100),(2022,'篮球',100),(2022,'羽毛球',500),(2022,'足球',100),(2022,'跆拳道',150),(2022,'跑步',200);
INSERT INTO `bda_student_crisis_intervention` VALUES (202202,'关注',6,'住院治疗',2),(202202,'关注',6,'侧面关注',2),(202202,'关注',6,'办理休学',3),(202202,'关注',6,'定期随访',3),(202202,'关注',6,'持续咨询',3),(202202,'关注',6,'门诊服药',1),(202202,'正常',5,'住院治疗',1),(202202,'正常',5,'侧面关注',1),(202202,'正常',5,'办理休学',1),(202202,'正常',5,'定期随访',2),(202202,'正常',5,'持续咨询',3),(202202,'正常',5,'门诊服药',1),(202202,'追踪',7,'住院治疗',2),(202202,'追踪',7,'侧面关注',3),(202202,'追踪',7,'办理休学',2),(202202,'追踪',7,'定期随访',2),(202202,'追踪',7,'持续咨询',4),(202202,'追踪',7,'门诊服药',2);
INSERT INTO `bda_student_distribution` VALUES (2022,'2022','化学生物学与生物技术学院','博士','女',3),(2022,'2022','化学生物学与生物技术学院','博士','男',3),(2022,'2022','化学生物学与生物技术学院','硕士','女',3),(2022,'2022','化学生物学与生物技术学院','硕士','男',3),(2022,'2022','汇丰商学院','博士','女',5),(2022,'2022','汇丰商学院','博士','男',5),(2022,'2022','汇丰商学院','硕士','女',5),(2022,'2022','汇丰商学院','硕士','男',5);
INSERT INTO `bda_student_problems` VALUES (202201,'人际交往',1),(202201,'恋爱问题',2),(202202,'人际交往',1),(202202,'恋爱问题',3),(202203,'人际交往',1),(202203,'恋爱问题',4),(202204,'人际交往',1),(202204,'恋爱问题',5),(202205,'人际交往',1),(202205,'恋爱问题',6),(202206,'人际交往',1),(202206,'恋爱问题',7),(202207,'人际交往',1),(202207,'恋爱问题',8),(202208,'人际交往',1),(202208,'恋爱问题',9),(202209,'人际交往',1),(202209,'恋爱问题',10);
INSERT INTO `bda_use_of_activity_center` VALUES (202201,'101',3),(202201,'102',1),(202201,'103',3),(202201,'104',4),(202201,'105',5),(202202,'101',1),(202202,'102',1),(202202,'103',2),(202202,'104',4),(202202,'105',6),(202203,'101',3),(202203,'102',2),(202203,'103',1),(202203,'104',2),(202203,'105',3);
INSERT INTO `bda_venue_data` VALUES (202301,'场馆','图书馆',200.00,1.00,50.00),(202301,'场馆','影视厅',500.00,1.00,150.00),(202301,'场馆','篮球场1',300.00,1.00,5.00),(202301,'场馆','篮球场2',300.00,1.00,5.00),(202301,'场馆','羽毛球场',500.00,1.00,20.00),(202301,'食堂','食堂1',200.00,1.00,50.00),(202301,'食堂','食堂2',500.00,1.00,150.00);
INSERT INTO `bda_waste_management` VALUES (202301,'人文社会科学学院','F课题组','F废弃物',600,100),(202301,'信息工程学院','E课题组','E废弃物',500,90),(202301,'化学生物学与生物技术学院','C课题组','C废弃物',300,70),(202301,'国际法学院','G课题组','G废弃物',700,110),(202301,'城市规划与设计学院','B课题组','B废弃物',200,60),(202301,'新材料学院','H课题组','H废弃物',800,120),(202301,'汇丰商学院','A课题组','A废弃物',100,50),(202301,'环境与能源学院','D课题组','D废弃物',400,80),(202302,'人文社会科学学院','F课题组','F废弃物',600,180),(202302,'信息工程学院','E课题组','E废弃物',500,170),(202302,'化学生物学与生物技术学院','C课题组','C废弃物',300,150),(202302,'国际法学院','G课题组','G废弃物',700,190),(202302,'城市规划与设计学院','B课题组','B废弃物',200,140),(202302,'新材料学院','H课题组','H废弃物',800,200),(202302,'汇丰商学院','A课题组','A废弃物',100,130),(202302,'环境与能源学院','D课题组','D废弃物',400,160),(202303,'人文社会科学学院','F课题组','F废弃物',600,260),(202303,'信息工程学院','E课题组','E废弃物',500,250),(202303,'化学生物学与生物技术学院','C课题组','C废弃物',300,230),(202303,'国际法学院','G课题组','G废弃物',700,270),(202303,'城市规划与设计学院','B课题组','B废弃物',200,220),(202303,'新材料学院','H课题组','H废弃物',800,280),(202303,'汇丰商学院','A课题组','A废弃物',100,210),(202303,'环境与能源学院','D课题组','D废弃物',400,240);
INSERT INTO `bmxx` VALUES (400,'D050','北京大学深圳研究生院技术转移中心','技术转移中心',2,4,NULL,9,684,NULL,28,0,NULL,'2023-12-14',NULL),(301,'D0352','智慧校园专项办公室',NULL,2,2,103,9,151,NULL,30,0,NULL,'2023-12-14',NULL),(135,'D036','院领导',NULL,1,NULL,NULL,9,NULL,NULL,NULL,0,'000','2023-12-14',NULL),(100,'D001','院长办公室党委办公室（党群工作办公室）','院两办',1,2,NULL,9,43,'45',26,0,'001','2023-12-14',NULL),(101,'D002','教务处','教务处',1,2,NULL,9,72,'74',35,0,'002','2023-12-14',NULL),(102,'D003','科学研究处','科研处',1,2,NULL,9,684,'1523,89',28,0,'003','2023-12-14',NULL),(107,'D004','设备与实验室安全办公室','实验室安全办',2,5,103,9,NULL,'89',37,0,'00301','2023-12-14',NULL),(106,'D005','学生工作处','学工处',1,2,NULL,9,101,'103',33,0,'004','2023-12-14',NULL),(105,'D006','人事处','人事处',1,2,NULL,9,117,'119',28,0,'005','2023-12-14',NULL),(104,'D007','财务处','财务处',1,2,NULL,9,133,'135',41,0,'006','2023-12-14',NULL),(103,'D008','总务处','总务处',1,2,NULL,9,151,'153,179',30,0,'007','2023-12-14',NULL),(117,'D009','校园规划建设办公室','规划建设办',2,5,103,9,NULL,'179',30,0,'00701','2023-12-14',NULL),(116,'D010','发展办公室','发展办',1,2,NULL,9,NULL,NULL,30,0,'008','2023-12-14',NULL),(115,'D011','网络安全与信息化建设办公室','信息办',1,2,NULL,9,196,'198',30,1,'009','2023-12-14',NULL),(114,'D012','工会','工会',1,2,NULL,9,NULL,NULL,250,0,'010','2023-12-14',NULL),(113,'D013','学科建设办公室','学科办',1,2,NULL,9,206,NULL,28,1,'011','2023-12-14',NULL),(112,'D014','党群工作办公室','党群办',1,2,NULL,9,62,'64',26,1,'012','2023-12-14',NULL),(111,'D015','国际事务办公室','国际办',1,2,NULL,9,1527,'933',35,1,'013','2023-12-14',NULL),(119,'D016','基金会秘书处\\校友工作办公室','基金会\\校友办',1,2,NULL,9,188,'188',28,0,'014','2023-12-14',NULL),(118,'D017','纪委办公室','纪委办公室',1,2,NULL,9,60,'60',39,0,'015','2023-12-14',NULL),(300,'D0351','宣传与公共关系办公室',NULL,1,2,NULL,9,933,'933',33,0,'016','2023-12-14',NULL),(110,'D018','信息工程学院','信息学院',1,1,NULL,9,9602,'254,13017,1533',NULL,0,'121','2023-12-14',NULL),(109,'D019','化学生物学与生物技术学院','化生学院',1,1,NULL,9,20020,'394,401,404',NULL,0,'122','2023-12-14',NULL),(108,'D020','脑科学研究所','脑科学研究所',2,4,NULL,9,NULL,NULL,NULL,0,'12201','2023-12-14',NULL),(124,'D021','环境与能源学院','环能学院',1,1,NULL,9,609,'611',NULL,0,'123','2023-12-14',NULL),(123,'D022','城市规划与设计学院','城规学院',1,1,NULL,9,684,'702,700,709',NULL,0,'124','2023-12-14',NULL),(122,'D023','新材料学院','新材料学院',1,1,NULL,9,19817,'1170,1172',NULL,0,'125','2023-12-14',NULL),(120,'D027','汇丰商学院','汇丰商学院',1,1,NULL,9,761,'1570,768',NULL,0,'131','2023-12-14',NULL),(200,'D038','全日制硕博项目办公室','MA-PhD',2,5,120,9,917,'931',1570,0,'131001','2023-12-14',NULL),(127,'D028','MBA项目办公室','MBA',2,5,120,9,983,'965',766,0,'131002','2023-12-14',NULL),(128,'D029','EMBA项目办公室','EMBA',2,5,120,9,949,'955',766,0,'131003','2023-12-14',NULL),(129,'D030','EDP项目办公室','EDP',2,5,120,9,945,'945',770,0,'131004','2023-12-14',NULL),(201,'D039','党委办公室院长办公室','商学院院办',2,5,120,9,903,'915',763,0,'131005','2023-12-14',NULL),(202,'D040','人事办公室','商学院人事',2,5,120,9,905,NULL,763,0,'131006','2023-12-14',NULL),(203,'D041','财务办公室','商学院财务',2,5,120,9,951,NULL,763,0,'131007','2023-12-14',NULL),(204,'D042','科研办公室','商学院科研',2,5,120,9,927,NULL,763,0,'131008','2023-12-14',NULL),(205,'D043','国际办公室','商学院国际',2,5,120,9,921,NULL,763,0,'131009','2023-12-14',NULL),(206,'D044','信息化办公室','商学院IT',2,5,120,9,911,NULL,763,0,'131010','2023-12-14',NULL),(207,'D045','公关媒体办公室','商学院宣传',2,5,120,9,973,NULL,763,0,'131011','2023-12-14',NULL),(208,'D046','总务办公室','商学院总务',2,5,120,9,909,NULL,763,0,'131012','2023-12-14',NULL),(209,'D047','智库','商学院智库',2,5,120,9,761,NULL,761,0,'131013','2023-12-14',NULL),(210,'D048','汇丰金融研究院',NULL,2,4,120,9,905,NULL,763,0,'131014','2023-12-14',NULL),(211,'D049','创新与创业研究中心',NULL,2,4,120,9,845,NULL,763,0,'131015','2023-12-14',NULL),(212,'D0350','企业信息中心',NULL,2,4,120,9,770,NULL,763,0,'131016','2023-12-14',NULL),(130,'D031','国际法学院','国法学院',1,1,NULL,9,1714,'1092,1123',NULL,0,'132','2023-12-14',NULL),(131,'D032','人文社会科学学院','人文学院',1,1,NULL,9,1156,NULL,NULL,0,'133','2023-12-14',NULL),(125,'D024','互联网研究院','互联网研究院',1,4,NULL,9,NULL,NULL,NULL,1,'226','2023-12-14',NULL),(126,'D025','海洋学院（筹）','海洋学院（筹）',1,4,NULL,9,NULL,NULL,NULL,0,'227','2023-12-14',NULL),(121,'D026','生物医学工程研究所','生医所',1,4,NULL,9,1672,NULL,NULL,0,'228','2023-12-14',NULL),(132,'D033','培训中心','培训中心',1,4,NULL,9,213,NULL,NULL,0,'241','2023-12-14',NULL),(133,'D034','通识教育中心','通识中心',1,4,NULL,9,1156,NULL,NULL,0,'242','2023-12-14',NULL),(134,'D035','未来产业技术研究院','未来产业研究院',1,4,NULL,9,684,'119',NULL,1,'243','2023-12-14',NULL);
INSERT INTO `gxzc_zzzc_gdzc_java_en` VALUES ('20130711','电脑','2013-10-09 16:00:43',1.00,4530.00,'通用设备','在用',NULL,'22','通识教育中心','0000000001',NULL,'20230721'),('20100029','笔记本电脑','2010-01-04 16:00:43',1.00,1999.00,'通用设备','在用',NULL,'16','汇丰商学院','0000000003',NULL,'20230721'),('20100030','笔记本电脑','2010-01-04 16:00:43',1.00,1999.00,'通用设备','在用',NULL,'16','汇丰商学院','0000000003',NULL,'20230721'),('20100042','移动硬盘','2010-01-04 16:00:43',1.00,499.00,'通用设备','在用',NULL,'16','汇丰商学院','0000000003',NULL,'20230721'),('20100043','移动硬盘','2010-01-04 16:00:43',1.00,499.00,'通用设备','在用',NULL,'16','汇丰商学院','0000000003',NULL,'20230721'),('20170027','戴尔台式电脑','2017-01-11 16:00:43',1.00,5478.00,'通用设备','在用',NULL,'2003','城市规划与设计学院','0000000004',NULL,'20230721'),('20050468','HP 1020','2005-08-22 16:00:43',1.00,1700.00,'通用设备','在用',NULL,'16','汇丰商学院','0000000007',NULL,'20230721'),('20050454','DELL GX280','2005-08-22 16:00:43',1.00,7850.00,'通用设备','在用',NULL,'16','汇丰商学院','0000000008',NULL,'20230721'),('20130379','笔记本电脑','2013-06-26 16:00:43',1.00,6176.14,'通用设备','在用',NULL,'16','汇丰商学院','0000000013',NULL,'20230721'),('20140655','惠普一体机','2014-07-17 16:00:43',1.00,2450.00,'通用设备','在用',NULL,'16','汇丰商学院','0000000021',NULL,'20230721'),('20120249','台式电脑','2012-04-10 16:00:43',1.00,10747.00,'通用设备','在用',NULL,'1430','离职人员','0000000022',NULL,'20230721'),('20140449','惠普一体机','2014-06-02 16:00:43',1.00,2400.00,'通用设备','在用',NULL,'16','汇丰商学院','0000000023',NULL,'20230721'),('20161285','戴尔电脑','2016-10-16 16:00:43',1.00,5640.00,'通用设备','在用',NULL,'16','汇丰商学院','0000000024',NULL,'20230721'),('20140653','惠普一体机','2014-07-17 16:00:43',1.00,2450.00,'通用设备','在用',NULL,'16','汇丰商学院','0000000029',NULL,'20230721'),('20100263','黑莓GPS智能商务手机','2010-07-15 16:00:43',1.00,4880.00,'专用设备','在用',NULL,'16','汇丰商学院','0000000030',NULL,'20230721'),('20120011','打印机','2012-01-12 16:00:43',1.00,1220.00,'通用设备','在用',NULL,'2310','新材料学院','0000000032',NULL,'20230721'),('20110434','电子字典','2011-10-10 16:00:43',1.00,983.75,'通用设备','在用',NULL,'16','汇丰商学院','0000000036',NULL,'20230721'),('20166569','APPLE IPAD','2016-12-12 16:00:43',1.00,6590.00,'通用设备','在用',NULL,'16','汇丰商学院','0000000036',NULL,'20230721'),('20166570','NOTEBOOK9','2016-12-12 16:00:43',1.00,14380.00,'通用设备','在用',NULL,'16','汇丰商学院','0000000036',NULL,'20230721'),('20090567','PDF软件','2009-09-07 16:00:43',1.00,2164.70,'通用设备','在用',NULL,'17','国际法学院','0000000037',NULL,'20230721'),('20140716','苹果笔记本','2014-06-02 16:00:43',1.00,20203.77,'通用设备','在用',NULL,'16','汇丰商学院','0000000038',NULL,'20230721'),('20140658','惠普一体机','2014-07-17 16:00:43',1.00,2450.00,'通用设备','在用',NULL,'16','汇丰商学院','0000000039',NULL,'20230721'),('20141392','IPAD','2014-09-22 16:00:43',1.00,2758.95,'通用设备','在用',NULL,'16','汇丰商学院','0000000039',NULL,'20230721'),('20201087','华为笔记本','2020-11-01 16:00:43',1.00,7999.00,'通用设备','在用',NULL,'16','汇丰商学院','0000000043',NULL,'20230721'),('20160385','戴尔电脑','2016-03-27 16:00:43',1.00,4997.00,'通用设备','在用',NULL,'16','汇丰商学院','0000000045',NULL,'20230721'),('20160580','惠普打印机','2016-05-18 16:00:43',1.00,2745.00,'通用设备','在用',NULL,'16','汇丰商学院','0000000045',NULL,'20230721'),('20100073','笔记本电脑','2010-03-09 16:00:43',1.00,9036.43,'通用设备','在用',NULL,'1599','环境与能源学院调整库','0000000047',NULL,'20230721'),('20100080','联想台式电脑','2010-03-17 16:00:43',1.00,4980.00,'通用设备','在用',NULL,'1506','环境与能源学院','0000000050',NULL,'20230721'),('20130601','打印机','2013-09-17 16:00:43',1.00,1210.00,'通用设备','在用',NULL,'16','汇丰商学院','0000000052',NULL,'20230721'),('20170365','联想电脑','2017-07-06 16:00:43',1.00,6999.00,'通用设备','在用',NULL,'16','汇丰商学院','0000000053',NULL,'20230721'),('20130603','打印机','2013-09-17 16:00:43',1.00,1210.00,'通用设备','在用',NULL,'16','汇丰商学院','0000000056',NULL,'20230721'),('20080991','PICO迷你投影机','2011-10-31 16:00:43',1.00,2345.74,'通用设备','在用',NULL,'17','国际法学院','0000000059',NULL,'20230721'),('20140448','惠普一体机','2014-06-02 16:00:43',1.00,2400.00,'通用设备','在用',NULL,'16','汇丰商学院','0000000064',NULL,'20230721'),('20191086','金海马戛纳床垫','2019-10-27 16:00:43',1.00,2345.00,'家具用具装具动植物','在用',NULL,'16','汇丰商学院','0000000065',NULL,'20230721'),('20160596','戴尔台式电脑','2016-05-24 16:00:43',1.00,5880.00,'通用设备','在用',NULL,'16','汇丰商学院','0000000071',NULL,'20230721'),('20140657','惠普一体机','2014-07-17 16:00:43',1.00,2450.00,'通用设备','在用',NULL,'16','汇丰商学院','0000000072',NULL,'20230721'),('20141397','德龙抽湿机','2014-09-14 16:00:43',1.00,1990.00,'通用设备','在用',NULL,'17','国际法学院','0000000073',NULL,'20230721'),('20110170','笔记本电脑','2011-05-16 16:00:43',1.00,7291.88,'通用设备','在用',NULL,'16','汇丰商学院','0000000075',NULL,'20230721'),('20120159','IPAD','2012-03-14 16:00:43',1.00,3167.80,'通用设备','在用',NULL,'16','汇丰商学院','0000000075',NULL,'20230721'),('20160594','戴尔台式电脑','2016-05-24 16:00:43',1.00,5880.00,'通用设备','在用',NULL,'16','汇丰商学院','0000000079',NULL,'20230721'),('20161264','惠普打印机','2016-10-11 16:00:43',1.00,2464.00,'通用设备','在用',NULL,'16','汇丰商学院','0000000079',NULL,'20230721'),('20190973','显示器','2019-09-22 16:00:43',1.00,1298.98,'通用设备','在用',NULL,'16','汇丰商学院','0000000081',NULL,'20230721'),('20200390','戴尔笔记本','2020-11-30 16:00:43',1.00,7410.68,'通用设备','在用',NULL,'16','汇丰商学院','0000000081',NULL,'20230721'),('20140661','惠普一体机','2014-07-17 16:00:43',1.00,2450.00,'通用设备','在用',NULL,'16','汇丰商学院','0000000086',NULL,'20230721'),('20191318','华硕主板','2020-06-27 16:00:43',1.00,8362.80,'通用设备','在用',NULL,'16','汇丰商学院','0000000087',NULL,'20230721'),('20170301','海尔8公斤洗烘一体变频滚筒洗衣机','2017-06-12 16:00:43',1.00,2699.00,'通用设备','在用',NULL,'16','汇丰商学院','0000000089',NULL,'20230721'),('20170302','海尔冰吧','2017-06-12 16:00:43',1.00,2799.00,'通用设备','在用',NULL,'16','汇丰商学院','0000000089',NULL,'20230721'),('20170368','布鲁萨里衣柜','2017-07-10 16:00:43',1.00,1299.00,'家具用具装具动植物','在用',NULL,'16','汇丰商学院','0000000089',NULL,'20230721'),('20130609','打印机','2013-09-17 16:00:43',1.00,1210.00,'通用设备','在用',NULL,'16','汇丰商学院','0000000090',NULL,'20230721'),('20191138','联想显示器','2019-11-03 16:00:43',1.00,1248.99,'通用设备','在用',NULL,'16','汇丰商学院','0000000095',NULL,'20230721'),('20191217','IPAD平板','2019-11-24 16:00:43',1.00,5800.00,'通用设备','在用',NULL,'16','汇丰商学院','0000000095',NULL,'20230721'),('20090762','单门柜','2009-10-09 16:00:43',1.00,680.00,'家具用具装具动植物','在用',NULL,'0803','校园生活服务中心','0000000096',NULL,'20230721'),('20140652','惠普一体机','2014-07-17 16:00:43',1.00,2450.00,'通用设备','在用',NULL,'16','汇丰商学院','0000000099',NULL,'20230721'),('20031285','教室办公桌','2003-09-22 16:00:43',1.00,1500.00,'家具用具装具动植物','在用',NULL,'1129','信息工程学院','0000000101',NULL,'20230721'),('20033314','屏风椅','2003-09-22 16:00:43',1.00,450.00,'家具用具装具动植物','在用',NULL,'1129','信息工程学院','0000000101',NULL,'20230721'),('20033315','屏风椅','2003-09-22 16:00:43',1.00,450.00,'家具用具装具动植物','在用',NULL,'1129','信息工程学院','0000000101',NULL,'20230721'),('20033316','屏风椅','2003-09-22 16:00:43',1.00,450.00,'家具用具装具动植物','在用',NULL,'1129','信息工程学院','0000000101',NULL,'20230721'),('20033317','屏风椅','2003-09-22 16:00:43',1.00,450.00,'家具用具装具动植物','在用',NULL,'1129','信息工程学院','0000000101',NULL,'20230721'),('20034103','文件柜','2003-09-22 16:00:43',1.00,1200.00,'家具用具装具动植物','在用',NULL,'1129','信息工程学院','0000000101',NULL,'20230721'),('20040051','EPSON EPL-6200L','2004-07-31 16:00:43',1.00,1480.00,'通用设备','在用',NULL,'1129','信息工程学院','0000000101',NULL,'20230721'),('20060222','Dell 170L+15″液晶','2006-05-29 16:00:43',1.00,7000.00,'通用设备','在用',NULL,'1129','信息工程学院','0000000101',NULL,'20230721'),('20060482','除湿器','2006-11-21 16:00:43',1.00,2080.00,'通用设备','在用',NULL,'1129','信息工程学院','0000000101',NULL,'20230721'),('20137583','标准办公家具','2013-12-23 16:00:43',1.00,10000.00,'家具用具装具动植物','在用',NULL,'1424','化学生物学与生物技术学院','0000000102',NULL,'20230721'),('20160579','惠普打印机','2016-05-18 16:00:43',1.00,2745.00,'通用设备','在用',NULL,'16','汇丰商学院','0000000103',NULL,'20230721'),('20200554','华为笔记本电脑','2020-08-19 16:00:43',1.00,7999.00,'通用设备','在用',NULL,'1409','甘文标课题组','0000000104',NULL,'20230721'),('2100001149','戴尔台式电脑','2021-04-11 16:00:43',1.00,6000.00,'通用设备','新购',NULL,'1409','甘文标课题组','0000000104',NULL,'20230721'),('20140332','惠普一体机','2014-05-26 16:00:43',1.00,2400.00,'通用设备','在用',NULL,'16','汇丰商学院','0000000105',NULL,'20230721'),('20137681','打印一体机','2013-12-25 16:00:43',1.00,2420.00,'通用设备','在用',NULL,'16','汇丰商学院','0000000106',NULL,'20230721'),('20033400','屏风椅','2003-09-22 16:00:43',1.00,589.61,'家具用具装具动植物','在用',NULL,'2003','城市规划与设计学院','0000000108',NULL,'20230721'),('20033940','铁皮文件柜','2003-09-22 16:00:43',1.00,2777.50,'家具用具装具动植物','在用',NULL,'2003','城市规划与设计学院','0000000108',NULL,'20230721'),('20034155','文件柜','2003-09-22 16:00:43',1.00,1500.00,'家具用具装具动植物','在用',NULL,'2003','城市规划与设计学院','0000000108',NULL,'20230721'),('20050458','DELL GX280 17“液晶','2005-08-22 16:00:43',1.00,7850.00,'通用设备','在用',NULL,'16','汇丰商学院','0000000108',NULL,'20230721'),('20050466','HP 1020','2005-08-22 16:00:43',1.00,1700.00,'通用设备','在用',NULL,'16','汇丰商学院','0000000108',NULL,'20230721'),('20130394','IBM笔记本电脑','2013-06-04 16:00:43',1.00,8750.00,'通用设备','在用',NULL,'1429','车超课题组','0000000109',NULL,'20230721'),('20134159','平板电脑','2013-11-27 16:00:43',1.00,5000.00,'通用设备','在用',NULL,'1429','车超课题组','0000000109',NULL,'20230721'),('20161361','边台','2017-10-25 16:00:43',1.00,18360.00,'专用设备','在用',NULL,'1429','车超课题组','0000000109',NULL,'20230721'),('20161362','边台','2017-10-25 16:00:43',1.00,18360.00,'专用设备','在用',NULL,'1429','车超课题组','0000000109',NULL,'20230721'),('20161373','变风量风阀','2017-10-25 16:00:43',1.00,4900.00,'专用设备','在用',NULL,'1429','车超课题组','0000000109',NULL,'20230721'),('20161374','变风量风阀','2017-10-25 16:00:43',1.00,4900.00,'专用设备','在用',NULL,'1429','车超课题组','0000000109',NULL,'20230721'),('20161375','变风量风阀','2017-10-25 16:00:43',1.00,4900.00,'专用设备','在用',NULL,'1429','车超课题组','0000000109',NULL,'20230721'),('20161376','变风量风阀','2017-10-25 16:00:43',1.00,4900.00,'专用设备','在用',NULL,'1429','车超课题组','0000000109',NULL,'20230721'),('20161377','变风量风阀','2017-10-25 16:00:43',1.00,4900.00,'专用设备','在用',NULL,'1429','车超课题组','0000000109',NULL,'20230721'),('20161378','变风量风阀','2017-10-25 16:00:43',1.00,4900.00,'专用设备','在用',NULL,'1429','车超课题组','0000000109',NULL,'20230721'),('20161379','变风量风阀','2017-10-25 16:00:43',1.00,4900.00,'专用设备','在用',NULL,'1429','车超课题组','0000000109',NULL,'20230721'),('20161380','变风量风阀','2017-10-25 16:00:43',1.00,4900.00,'专用设备','在用',NULL,'1429','车超课题组','0000000109',NULL,'20230721'),('20161381','变风量风阀','2017-10-25 16:00:43',1.00,4900.00,'专用设备','在用',NULL,'1429','车超课题组','0000000109',NULL,'20230721'),('20161382','变风量风阀','2017-10-25 16:00:43',1.00,4900.00,'专用设备','在用',NULL,'1429','车超课题组','0000000109',NULL,'20230721'),('20161383','变风量风阀','2017-10-25 16:00:43',1.00,4900.00,'专用设备','在用',NULL,'1429','车超课题组','0000000109',NULL,'20230721'),('20161384','变风量风阀','2017-10-25 16:00:43',1.00,4900.00,'专用设备','在用',NULL,'1429','车超课题组','0000000109',NULL,'20230721'),('20161411','变频器','2017-10-25 16:00:43',1.00,13545.00,'专用设备','在用',NULL,'1429','车超课题组','0000000109',NULL,'20230721'),('20161413','变频器','2017-10-25 16:00:43',1.00,22000.00,'专用设备','在用',NULL,'1429','车超课题组','0000000109',NULL,'20230721'),('20161421','冲淋洗眼器','2017-10-25 16:00:43',1.00,7000.00,'专用设备','在用',NULL,'1429','车超课题组','0000000109',NULL,'20230721'),('20161439','管道静压传感器','2017-10-25 16:00:43',1.00,2971.00,'专用设备','在用',NULL,'1429','车超课题组','0000000109',NULL,'20230721'),('20161470','落地式通风柜','2017-10-25 16:00:43',1.00,24000.00,'专用设备','在用',NULL,'1429','车超课题组','0000000109',NULL,'20230721'),('20161487','试剂架','2017-10-25 16:00:43',1.00,3900.00,'专用设备','在用',NULL,'1429','车超课题组','0000000109',NULL,'20230721'),('20161524','天平台','2017-10-25 16:00:43',1.00,3500.00,'专用设备','在用',NULL,'1429','车超课题组','0000000109',NULL,'20230721'),('20161535','通风柜','2017-10-25 16:00:43',1.00,18100.00,'专用设备','在用',NULL,'1429','车超课题组','0000000109',NULL,'20230721'),('20161536','通风柜','2017-10-25 16:00:43',1.00,18100.00,'专用设备','在用',NULL,'1429','车超课题组','0000000109',NULL,'20230721'),('20161537','通风柜','2017-10-25 16:00:43',1.00,18100.00,'专用设备','在用',NULL,'1429','车超课题组','0000000109',NULL,'20230721'),('20161538','通风柜','2017-10-25 16:00:43',1.00,18100.00,'专用设备','在用',NULL,'1429','车超课题组','0000000109',NULL,'20230721'),('20161539','通风柜','2017-10-25 16:00:43',1.00,18100.00,'专用设备','在用',NULL,'1429','车超课题组','0000000109',NULL,'20230721'),('20161540','通风柜','2017-10-25 16:00:43',1.00,18100.00,'专用设备','在用',NULL,'1429','车超课题组','0000000109',NULL,'20230721'),('20161541','通风柜','2017-10-25 16:00:43',1.00,18100.00,'专用设备','在用',NULL,'1429','车超课题组','0000000109',NULL,'20230721'),('20161542','通风柜','2017-10-25 16:00:43',1.00,18100.00,'专用设备','在用',NULL,'1429','车超课题组','0000000109',NULL,'20230721'),('20161543','通风柜','2017-10-25 16:00:43',1.00,18100.00,'专用设备','在用',NULL,'1429','车超课题组','0000000109',NULL,'20230721'),('20161544','通风柜','2017-10-25 16:00:43',1.00,18100.00,'专用设备','在用',NULL,'1429','车超课题组','0000000109',NULL,'20230721'),('20161545','通风柜','2017-10-25 16:00:43',1.00,18100.00,'专用设备','在用',NULL,'1429','车超课题组','0000000109',NULL,'20230721'),('20161576','通风柜控制器','2017-10-25 16:00:43',1.00,5000.00,'专用设备','在用',NULL,'1429','车超课题组','0000000109',NULL,'20230721'),('20161577','通风柜控制器','2017-10-25 16:00:43',1.00,5000.00,'专用设备','在用',NULL,'1429','车超课题组','0000000109',NULL,'20230721'),('20161578','通风柜控制器','2017-10-25 16:00:43',1.00,5000.00,'专用设备','在用',NULL,'1429','车超课题组','0000000109',NULL,'20230721'),('20161579','通风柜控制器','2017-10-25 16:00:43',1.00,5000.00,'专用设备','在用',NULL,'1429','车超课题组','0000000109',NULL,'20230721'),('20161580','通风柜控制器','2017-10-25 16:00:43',1.00,5000.00,'专用设备','在用',NULL,'1429','车超课题组','0000000109',NULL,'20230721'),('20161581','通风柜控制器','2017-10-25 16:00:43',1.00,5000.00,'专用设备','在用',NULL,'1429','车超课题组','0000000109',NULL,'20230721'),('20161582','通风柜控制器','2017-10-25 16:00:43',1.00,5000.00,'专用设备','在用',NULL,'1429','车超课题组','0000000109',NULL,'20230721'),('20161583','通风柜控制器','2017-10-25 16:00:43',1.00,5000.00,'专用设备','在用',NULL,'1429','车超课题组','0000000109',NULL,'20230721'),('20161584','通风柜控制器','2017-10-25 16:00:43',1.00,5000.00,'专用设备','在用',NULL,'1429','车超课题组','0000000109',NULL,'20230721');
INSERT INTO `xsxx` VALUES ('国际法学院','','10847188','纪荣','男','19650201','','97','中国台湾','','71','','','L120728830','01','硕士','硕士','非在读','深研院','','035101','法律硕士','4720010104','J.D.','221','25','4','2008','20080901','','','','','台湾','','','青海实业股份有限公司','','','','','',''),('国际法学院','未注册','10847187','纪弘','男','19680911','','97','中国台湾','','71','','','R121052241','01','硕士','硕士','非在读','深研院','','035101','法律硕士','4720010104','J.D.','221','25','3','2008','20080901','','','','','台湾','','','暂无','','','','','',''),('汇丰商学院','未注册','10847185','金颖','男','19841011','','97','中国香港','','31','','','V053804(3)','01','硕士','硕士','非在读','深研院','','120202','企业管理','','','221','25','3','2008','20080901','','','','','香港','','','香港大兴银行','','','','','',''),('汇丰商学院','已注册','10847186','张汉','男','19810912','','97','中国香港','','35','','港澳台胞证','H0080769800','01','硕士','硕士','非在读','深研院','管理学','120202','企业管理','','','221','25','3','2008','20080901','20110701','','20110704','','香港','','','','','','','','0936174004','冯  强'),('汇丰商学院','已注册','10947339','刘士','男','19850108','','97','中国台湾','','71','','港澳台胞证','H123174056','01','硕士','硕士','非在读','深研院','经济学','020104','西方经济学','','','221','44','3','2009','20090901','20120701','','20120702','','台湾','','','服兵役','','','','','0836169002','吴佩如'),('汇丰商学院','已注册','10947801','卓紘','男','19750621','','97','中国台湾','','71','','港澳台胞证','N121708585','01','博士','博士','非在读','深研院','经济学','020104','西方经济学','6202010406','微观经济学','221','02','4','2009','20090901','20140701','','20140630','','台湾','','','香港夏圖\n投资有限公司','','','','','0936160001','Kong Yang'),('城市规划与设计学院','已注册','10947340','廖柏','男','19841031','','97','中国台湾','','71','','港澳台胞证','P123123885','01','硕士','硕士','非在读','深研院','理学','070524','地理学（景观设计学）','4707052403','景观设计','221','44','2','2009','20090901','20110701','','20110704','','台湾','','','现役军人','','','','','0006163511','俞孔强'),('城市规划与设计学院','已注册','10947341','杨济','男','19820410','','97','中国台湾','','71','','港澳台胞证','R123396559','01','硕士','硕士','非在读','深研院','理学','070524','地理学（景观设计学）','4707052403','景观设计','221','44','2','2009','20090901','20110701','','20110704','','台湾','','','上境设计\n工程有限公司','','','','','0006163511','俞孔强'),('汇丰商学院','已注册','10947342','钟旻','男','19860222','','97','中国香港','','81','','港澳台胞证','Z746426(7)','01','硕士','硕士','非在读','深研院','管理学','120202','企业管理','','','221','44','3','2009','20090901','20120701','','20120702','','香港','','','','','','','','0836169002','吴佩如'),('汇丰商学院','','10947345','HEATH','女','19840207','其他','98','美国','','00','','护照','','01','硕士','硕士','非在读','深研院','','020104','西方经济学','','','321','21','3','2009','20090901','','','','','外国','','','University of California, Davi','','','','','',''),('汇丰商学院','','10947349','JOHN','男','19850916','其他','98','美国','','00','','护照','','01','硕士','硕士','非在读','深研院','','120202','企业管理','','','321','21','3','2009','20090901','','','','','外国','','','Clemson University','','','','','',''),('汇丰商学院','','10947350','STILL','男','19860121','其他','98','美国','','00','','护照','301466103','01','硕士','硕士','非在读','深研院','','120202','企业管理','','','321','21','3','2009','20090901','','','','','外国','','','C.H. Robinson Worldwide','','','','','',''),('国际法学院','已注册','10947353','李绍','男','19780930','其他','98','美国','','00','','护照','427928516','01','硕士','硕士','非在读','深研院','','035101','法律硕士（非法学）','4720010104','J.D.','321','21','3','2009','20090901','20130701','','','','外国','','','加州大学圣迭戈分校','','','','','1136170007','Mark'),('国际法学院','已注册','10947352','吕千','女','19831101','其他','98','美国','','00','','护照','430646275美国','01','硕士','硕士','非在读','深研院','','035101','法律硕士','4720010104','J.D.','321','21','3','2009','20090901','20120701','','20120702','','外国','','','私立音乐学院','','','','','1136170007','Mark F'),('汇丰商学院','已注册','10947346','约','男','19870923','其他','98','美国','','00','','护照','444727812','01','硕士','硕士','非在读','深研院','经济学','020104','西方经济学','','','321','21','3','2009','20090901','20120701','','20120702','','外国','','','Clemson University','','','','','0936181007','Jonathan An'),('国际法学院','','10947351','RUIYI','男','19870224','其他','98','德国','','00','','护照','C4FV38XTG','01','硕士','硕士','非在读','深研院','','035101','法律硕士','4720010104','J.D.','321','21','4','2009','20090901','','','','','外国','','','Software Information Industry','','','','','',''),('汇丰商学院','','10947347','VIKTOR','男','19840127','其他','98','德国','','00','','护照','C7G0CZ2RR','01','硕士','硕士','非在读','深研院','','020104','西方经济学','','','321','21','3','2009','20090901','','','','','外国','','','University of Konstanz','','','','','',''),('国际法学院','','10947354','彭晓','女','19870120','其他','98','加拿大','','00','','护照','JG215856','01','硕士','硕士','非在读','深研院','','035101','法律硕士','4720010104','J.D.','321','21','4','2009','20090901','','','','','外国','','','香港大学','','','','','',''),('汇丰商学院','','10947343','AYMANE','男','19850407','群众','98','摩洛哥','','99','','护照','U687875','01','硕士','硕士','非在读','深研院','','020204','金融学','','','311','21','3','2009','20090901','','','','','外国','','','','','','','','',''),('汇丰商学院','已注册','10947344','阿曼儿','男','19850407','其他','98','摩洛哥','','00','','护照','U687875','01','硕士','硕士','非在读','深研院','经济学','020204','金融学','','','321','21','3','2009','20090901','20120701','','20120702','','外国','','','','','','','','1036160002','FRANK');
